PassengerId,Survived,Pclass,Name,Sex,Age,SibSp,Parch,Ticket,Fare,Embarked
1,1,2,"Passenger, Person 1",female,29.4,0,0,TICKET_1001,34.53,n
2,1,3,"Passenger, Person 2",female,4.0,0,0,TICKET_1002,9.22,n
3,0,3,"Passenger, Person 3",male,20.3,0,0,TICKET_1003,11.07,S
4,1,3,"Passenger, Person 4",female,26.9,1,0,TICKET_1004,7.15,S
5,0,1,"Passenger, Person 5",male,56.2,1,0,TICKET_1005,79.38,S
6,0,1,"Passenger, Person 6",male,59.9,0,0,TICKET_1006,53.44,S
7,1,1,"Passenger, Person 7",female,38.4,1,0,TICKET_1007,56.19,S
8,1,3,"Passenger, Person 8",male,,0,0,TICKET_1008,15.48,S
9,0,3,"Passenger, Person 9",male,9.2,0,0,TICKET_1009,18.9,S
10,0,3,"Passenger, Person 10",male,34.3,0,0,TICKET_1010,20.45,S
11,0,1,"Passenger, Person 11",male,66.2,0,2,TICKET_1011,151.3,S
12,1,3,"Passenger, Person 12",male,16.0,1,0,TICKET_1012,8.84,S
13,1,3,"Passenger, Person 13",male,7.4,1,0,TICKET_1013,17.69,S
14,0,1,"Passenger, Person 14",male,40.6,0,1,TICKET_1014,78.47,S
15,1,1,"Passenger, Person 15",female,,0,0,TICKET_1015,31.49,C
16,1,1,"Passenger, Person 16",female,24.4,1,0,TICKET_1016,39.54,S
17,0,2,"Passenger, Person 17",male,47.5,2,1,TICKET_1017,14.47,C
18,0,3,"Passenger, Person 18",male,31.3,0,1,TICKET_1018,39.45,S
19,0,2,"Passenger, Person 19",male,41.7,2,0,TICKET_1019,46.14,S
20,0,2,"Passenger, Person 20",male,,0,0,TICKET_1020,33.2,S
21,0,3,"Passenger, Person 21",male,15.6,0,0,TICKET_1021,29.34,S
22,1,1,"Passenger, Person 22",male,48.1,1,1,TICKET_1022,85.49,S
23,0,2,"Passenger, Person 23",male,,0,0,TICKET_1023,17.92,S
24,0,2,"Passenger, Person 24",male,34.4,0,0,TICKET_1024,16.02,S
25,0,3,"Passenger, Person 25",male,35.7,0,1,TICKET_1025,7.59,S
26,0,3,"Passenger, Person 26",male,,1,0,TICKET_1026,10.95,S
27,1,1,"Passenger, Person 27",female,33.5,1,0,TICKET_1027,62.63,S
28,1,3,"Passenger, Person 28",female,33.5,0,0,TICKET_1028,10.91,S
29,0,3,"Passenger, Person 29",male,52.4,0,0,TICKET_1029,10.21,S
30,1,1,"Passenger, Person 30",female,45.8,0,0,TICKET_1030,136.73,S
31,0,3,"Passenger, Person 31",male,,0,1,TICKET_1031,23.46,C
32,1,1,"Passenger, Person 32",female,,0,0,TICKET_1032,141.01,S
33,1,1,"Passenger, Person 33",female,29.0,1,0,TICKET_1033,69.28,S
34,1,3,"Passenger, Person 34",male,2.4,0,0,TICKET_1034,8.38,S
35,1,3,"Passenger, Person 35",male,20.5,0,0,TICKET_1035,16.51,C
36,0,3,"Passenger, Person 36",male,,0,2,TICKET_1036,7.89,S
37,0,2,"Passenger, Person 37",male,40.5,0,0,TICKET_1037,20.18,S
38,0,1,"Passenger, Person 38",male,45.1,2,0,TICKET_1038,126.52,C
39,0,3,"Passenger, Person 39",male,27.7,0,2,TICKET_1039,8.77,S
40,0,2,"Passenger, Person 40",male,32.0,0,0,TICKET_1040,22.65,S
41,1,1,"Passenger, Person 41",female,,0,0,TICKET_1041,60.53,C
42,0,3,"Passenger, Person 42",female,16.9,0,0,TICKET_1042,11.61,S
43,1,1,"Passenger, Person 43",male,23.4,0,1,TICKET_1043,42.1,C
44,0,3,"Passenger, Person 44",male,35.0,0,0,TICKET_1044,12.29,C
45,0,2,"Passenger, Person 45",male,21.0,0,0,TICKET_1045,26.94,Q
46,0,3,"Passenger, Person 46",male,30.4,0,0,TICKET_1046,10.1,S
47,1,2,"Passenger, Person 47",female,14.7,0,0,TICKET_1047,15.21,S
48,1,3,"Passenger, Person 48",male,10.9,0,0,TICKET_1048,10.78,S
49,0,3,"Passenger, Person 49",male,45.0,2,0,TICKET_1049,15.92,S
50,1,1,"Passenger, Person 50",male,49.4,0,0,TICKET_1050,49.72,S
51,0,3,"Passenger, Person 51",male,33.8,0,0,TICKET_1051,13.05,S
52,1,3,"Passenger, Person 52",female,46.4,0,0,TICKET_1052,14.13,S
53,1,3,"Passenger, Person 53",female,5.1,0,0,TICKET_1053,8.79,S
54,0,3,"Passenger, Person 54",male,18.7,1,1,TICKET_1054,9.71,S
55,0,3,"Passenger, Person 55",male,16.2,0,1,TICKET_1055,8.41,C
56,0,3,"Passenger, Person 56",male,,1,0,TICKET_1056,9.29,C
57,1,1,"Passenger, Person 57",female,44.9,0,0,TICKET_1057,27.11,C
58,1,1,"Passenger, Person 58",female,48.3,0,0,TICKET_1058,208.07,S
59,0,1,"Passenger, Person 59",male,47.3,1,2,TICKET_1059,169.71,Q
60,0,2,"Passenger, Person 60",male,9.3,0,1,TICKET_1060,39.34,C
61,0,2,"Passenger, Person 61",female,24.4,0,1,TICKET_1061,38.26,S
62,0,2,"Passenger, Person 62",male,40.6,0,0,TICKET_1062,12.45,S
63,1,3,"Passenger, Person 63",female,14.8,1,0,TICKET_1063,20.6,S
64,0,2,"Passenger, Person 64",male,35.5,0,0,TICKET_1064,13.36,S
65,0,2,"Passenger, Person 65",male,29.6,1,0,TICKET_1065,15.29,S
66,0,3,"Passenger, Person 66",male,24.5,0,0,TICKET_1066,9.44,S
67,0,1,"Passenger, Person 67",male,55.3,1,2,TICKET_1067,64.72,C
68,0,3,"Passenger, Person 68",male,,0,0,TICKET_1068,9.92,S
69,1,1,"Passenger, Person 69",female,42.3,1,0,TICKET_1069,167.2,S
70,1,3,"Passenger, Person 70",male,47.9,0,0,TICKET_1070,7.39,C
71,0,3,"Passenger, Person 71",male,9.6,1,2,TICKET_1071,8.98,S
72,0,1,"Passenger, Person 72",male,74.4,0,0,TICKET_1072,40.33,Q
73,0,1,"Passenger, Person 73",male,45.9,0,0,TICKET_1073,57.57,S
74,1,3,"Passenger, Person 74",male,9.9,0,1,TICKET_1074,11.86,Q
75,0,3,"Passenger, Person 75",male,27.2,0,0,TICKET_1075,16.58,S
76,0,3,"Passenger, Person 76",female,36.3,0,0,TICKET_1076,10.93,S
77,1,3,"Passenger, Person 77",male,25.1,2,0,TICKET_1077,8.39,S
78,1,1,"Passenger, Person 78",male,,3,0,TICKET_1078,130.15,S
79,0,2,"Passenger, Person 79",male,37.0,0,1,TICKET_1079,25.04,C
80,0,1,"Passenger, Person 80",female,20.9,2,1,TICKET_1080,68.85,S
81,0,3,"Passenger, Person 81",female,,0,0,TICKET_1081,7.57,Q
82,1,3,"Passenger, Person 82",female,34.3,0,0,TICKET_1082,12.66,S
83,1,2,"Passenger, Person 83",male,32.4,1,0,TICKET_1083,11.65,S
84,0,1,"Passenger, Person 84",male,,0,0,TICKET_1084,44.37,C
85,0,2,"Passenger, Person 85",male,30.9,3,0,TICKET_1085,50.71,S
86,0,2,"Passenger, Person 86",male,5.9,0,0,TICKET_1086,11.07,S
87,1,3,"Passenger, Person 87",male,,0,0,TICKET_1087,20.71,C
88,0,3,"Passenger, Person 88",male,28.6,0,1,TICKET_1088,13.46,C
89,0,3,"Passenger, Person 89",male,32.7,0,0,TICKET_1089,11.79,Q
90,0,3,"Passenger, Person 90",male,37.7,0,0,TICKET_1090,9.69,C
91,1,1,"Passenger, Person 91",female,36.1,3,0,TICKET_1091,339.59,S
92,1,3,"Passenger, Person 92",male,26.8,1,1,TICKET_1092,10.86,C
93,0,3,"Passenger, Person 93",male,14.4,1,0,TICKET_1093,21.44,S
94,0,3,"Passenger, Person 94",female,,0,0,TICKET_1094,34.34,Q
95,0,3,"Passenger, Person 95",male,39.2,0,0,TICKET_1095,11.62,S
96,0,3,"Passenger, Person 96",female,42.2,0,0,TICKET_1096,11.0,S
97,0,3,"Passenger, Person 97",male,,0,0,TICKET_1097,22.0,S
98,0,2,"Passenger, Person 98",male,27.0,0,1,TICKET_1098,96.95,S
99,1,1,"Passenger, Person 99",female,48.1,1,2,TICKET_1099,28.29,S
100,1,1,"Passenger, Person 100",female,32.8,0,1,TICKET_1100,25.15,C
101,0,1,"Passenger, Person 101",female,62.2,0,0,TICKET_1101,43.25,C
102,0,3,"Passenger, Person 102",male,48.3,0,0,TICKET_1102,13.07,S
103,0,2,"Passenger, Person 103",male,47.8,0,0,TICKET_1103,10.74,C
104,0,3,"Passenger, Person 104",male,20.5,0,2,TICKET_1104,19.14,S
105,0,3,"Passenger, Person 105",male,27.8,2,0,TICKET_1105,8.94,S
106,1,2,"Passenger, Person 106",female,23.6,0,0,TICKET_1106,19.25,S
107,0,2,"Passenger, Person 107",male,32.4,1,0,TICKET_1107,43.64,C
108,1,3,"Passenger, Person 108",female,14.5,0,0,TICKET_1108,10.4,S
109,0,1,"Passenger, Person 109",male,30.3,0,0,TICKET_1109,30.39,S
110,0,1,"Passenger, Person 110",male,73.8,0,0,TICKET_1110,208.3,S
111,0,2,"Passenger, Person 111",male,28.4,1,0,TICKET_1111,25.88,S
112,0,1,"Passenger, Person 112",female,,1,1,TICKET_1112,149.78,S
113,1,3,"Passenger, Person 113",female,39.0,0,0,TICKET_1113,13.48,S
114,1,3,"Passenger, Person 114",female,26.6,0,0,TICKET_1114,8.67,S
115,0,3,"Passenger, Person 115",female,,0,0,TICKET_1115,22.71,S
116,1,3,"Passenger, Person 116",female,31.6,0,0,TICKET_1116,9.38,C
117,1,3,"Passenger, Person 117",female,14.7,2,1,TICKET_1117,9.05,S
118,1,1,"Passenger, Person 118",male,46.3,0,0,TICKET_1118,84.03,S
119,0,3,"Passenger, Person 119",male,0.5,0,0,TICKET_1119,12.53,S
120,0,3,"Passenger, Person 120",male,35.5,0,0,TICKET_1120,8.94,C
121,0,3,"Passenger, Person 121",female,6.3,0,2,TICKET_1121,9.54,C
122,1,3,"Passenger, Person 122",female,,0,0,TICKET_1122,8.49,C
123,0,2,"Passenger, Person 123",male,10.2,0,0,TICKET_1123,18.94,S
124,1,1,"Passenger, Person 124",female,31.7,1,0,TICKET_1124,53.94,C
125,1,1,"Passenger, Person 125",female,47.7,1,0,TICKET_1125,66.93,S
126,0,2,"Passenger, Person 126",male,31.7,0,0,TICKET_1126,19.52,S
127,0,3,"Passenger, Person 127",male,42.0,1,1,TICKET_1127,17.65,S
128,0,3,"Passenger, Person 128",female,0.5,0,0,TICKET_1128,8.19,S
129,1,1,"Passenger, Person 129",male,,0,2,TICKET_1129,36.64,Q
130,1,3,"Passenger, Person 130",female,,0,0,TICKET_1130,20.76,C
131,0,2,"Passenger, Person 131",male,25.5,0,0,TICKET_1131,22.59,S
132,1,1,"Passenger, Person 132",female,11.9,0,0,TICKET_1132,88.74,S
133,1,1,"Passenger, Person 133",female,36.8,0,1,TICKET_1133,109.84,S
134,0,2,"Passenger, Person 134",female,12.1,0,0,TICKET_1134,10.91,S
135,0,3,"Passenger, Person 135",male,,3,1,TICKET_1135,18.03,S
136,0,2,"Passenger, Person 136",female,39.5,0,1,TICKET_1136,44.59,C
137,0,3,"Passenger, Person 137",female,29.1,0,2,TICKET_1137,19.22,Q
138,0,3,"Passenger, Person 138",male,13.7,0,0,TICKET_1138,17.97,S
139,1,2,"Passenger, Person 139",female,49.0,0,0,TICKET_1139,10.35,C
140,0,3,"Passenger, Person 140",male,12.7,0,1,TICKET_1140,16.28,S
141,0,3,"Passenger, Person 141",male,,1,0,TICKET_1141,7.15,S
142,0,2,"Passenger, Person 142",male,42.2,0,0,TICKET_1142,29.27,S
143,1,3,"Passenger, Person 143",male,31.4,0,0,TICKET_1143,15.12,S
144,0,2,"Passenger, Person 144",male,36.2,0,0,TICKET_1144,10.83,C
145,1,2,"Passenger, Person 145",female,33.4,0,0,TICKET_1145,55.49,S
146,0,1,"Passenger, Person 146",male,,0,0,TICKET_1146,162.21,S
147,0,3,"Passenger, Person 147",female,,0,0,TICKET_1147,16.22,S
148,1,3,"Passenger, Person 148",male,30.4,0,0,TICKET_1148,9.47,Q
149,0,1,"Passenger, Person 149",male,40.0,0,0,TICKET_1149,66.08,S
150,0,2,"Passenger, Person 150",male,,0,0,TICKET_1150,12.39,C
151,0,3,"Passenger, Person 151",female,,3,0,TICKET_1151,9.93,C
152,0,1,"Passenger, Person 152",male,,0,0,TICKET_1152,45.89,S
153,1,1,"Passenger, Person 153",male,31.5,1,0,TICKET_1153,27.17,S
154,0,3,"Passenger, Person 154",female,,1,0,TICKET_1154,10.39,C
155,0,3,"Passenger, Person 155",male,38.5,0,0,TICKET_1155,7.9,S
156,0,2,"Passenger, Person 156",male,43.6,0,0,TICKET_1156,40.58,Q
157,0,3,"Passenger, Person 157",male,27.4,0,0,TICKET_1157,18.7,S
158,0,3,"Passenger, Person 158",female,,1,1,TICKET_1158,9.0,S
159,0,1,"Passenger, Person 159",male,37.6,0,0,TICKET_1159,178.59,C
160,1,3,"Passenger, Person 160",female,,1,0,TICKET_1160,9.22,C
161,0,2,"Passenger, Person 161",male,26.7,2,0,TICKET_1161,19.74,Q
162,0,3,"Passenger, Person 162",female,30.7,1,0,TICKET_1162,8.76,S
163,1,3,"Passenger, Person 163",female,25.0,0,0,TICKET_1163,13.86,Q
164,0,3,"Passenger, Person 164",female,17.9,0,0,TICKET_1164,27.75,C
165,0,1,"Passenger, Person 165",male,24.0,1,0,TICKET_1165,105.28,C
166,1,3,"Passenger, Person 166",female,35.0,0,0,TICKET_1166,35.28,S
167,0,2,"Passenger, Person 167",male,8.1,0,0,TICKET_1167,30.04,S
168,0,1,"Passenger, Person 168",male,55.2,1,2,TICKET_1168,100.77,Q
169,0,1,"Passenger, Person 169",male,36.6,0,0,TICKET_1169,41.13,S
170,1,3,"Passenger, Person 170",female,31.9,2,0,TICKET_1170,15.04,S
171,0,3,"Passenger, Person 171",female,41.8,0,0,TICKET_1171,18.45,S
172,1,1,"Passenger, Person 172",female,26.4,0,0,TICKET_1172,124.6,S
173,0,3,"Passenger, Person 173",male,8.6,2,1,TICKET_1173,8.59,S
174,0,1,"Passenger, Person 174",male,43.1,0,0,TICKET_1174,127.12,S
175,0,3,"Passenger, Person 175",female,31.0,0,0,TICKET_1175,10.31,C
176,0,1,"Passenger, Person 176",male,26.8,0,1,TICKET_1176,94.13,S
177,0,3,"Passenger, Person 177",male,,0,0,TICKET_1177,11.38,S
178,0,2,"Passenger, Person 178",male,17.1,0,0,TICKET_1178,16.93,S
179,0,3,"Passenger, Person 179",male,12.7,0,2,TICKET_1179,12.0,S
180,1,1,"Passenger, Person 180",male,27.5,0,0,TICKET_1180,33.07,S
181,0,2,"Passenger, Person 181",male,19.7,0,0,TICKET_1181,33.23,S
182,0,1,"Passenger, Person 182",male,50.4,1,0,TICKET_1182,40.28,S
183,0,3,"Passenger, Person 183",male,,1,0,TICKET_1183,14.64,C
184,0,3,"Passenger, Person 184",female,44.1,0,0,TICKET_1184,10.64,S
185,0,2,"Passenger, Person 185",male,,0,1,TICKET_1185,15.73,S
186,0,3,"Passenger, Person 186",male,,0,0,TICKET_1186,16.52,S
187,1,3,"Passenger, Person 187",female,18.8,0,0,TICKET_1187,29.23,S
188,1,3,"Passenger, Person 188",male,20.9,1,1,TICKET_1188,13.25,C
189,1,3,"Passenger, Person 189",female,30.1,1,0,TICKET_1189,18.7,C
190,1,2,"Passenger, Person 190",female,35.3,0,0,TICKET_1190,12.72,S
191,0,1,"Passenger, Person 191",male,,0,0,TICKET_1191,54.39,S
192,0,3,"Passenger, Person 192",male,23.0,0,1,TICKET_1192,12.58,S
193,1,3,"Passenger, Person 193",female,25.9,0,1,TICKET_1193,7.16,S
194,1,3,"Passenger, Person 194",female,0.5,0,0,TICKET_1194,9.33,Q
195,0,2,"Passenger, Person 195",male,29.5,3,0,TICKET_1195,18.18,S
196,0,2,"Passenger, Person 196",male,37.9,1,0,TICKET_1196,53.87,C
197,1,3,"Passenger, Person 197",male,11.2,0,1,TICKET_1197,9.46,S
198,0,3,"Passenger, Person 198",female,,0,0,TICKET_1198,12.77,S
199,0,3,"Passenger, Person 199",male,3.5,2,0,TICKET_1199,13.81,S
200,1,3,"Passenger, Person 200",female,8.7,0,1,TICKET_1200,27.8,S
201,0,3,"Passenger, Person 201",male,,0,0,TICKET_1201,15.29,C
202,1,1,"Passenger, Person 202",male,,0,0,TICKET_1202,66.66,S
203,1,1,"Passenger, Person 203",male,44.0,1,0,TICKET_1203,87.51,C
204,0,3,"Passenger, Person 204",male,27.1,0,0,TICKET_1204,19.29,S
205,0,3,"Passenger, Person 205",male,,0,0,TICKET_1205,8.79,Q
206,0,1,"Passenger, Person 206",male,32.9,1,2,TICKET_1206,69.78,S
207,0,1,"Passenger, Person 207",male,26.4,1,0,TICKET_1207,144.86,C
208,1,3,"Passenger, Person 208",female,10.7,2,0,TICKET_1208,13.57,C
209,1,1,"Passenger, Person 209",male,23.0,0,0,TICKET_1209,59.35,Q
210,0,1,"Passenger, Person 210",male,0.5,0,0,TICKET_1210,42.0,S
211,1,3,"Passenger, Person 211",female,4.8,1,0,TICKET_1211,14.85,C
212,1,3,"Passenger, Person 212",female,12.7,1,0,TICKET_1212,41.37,S
213,0,3,"Passenger, Person 213",female,21.6,0,1,TICKET_1213,13.1,S
214,1,1,"Passenger, Person 214",female,23.9,0,0,TICKET_1214,73.31,S
215,0,3,"Passenger, Person 215",male,,1,0,TICKET_1215,21.09,S
216,0,1,"Passenger, Person 216",male,66.8,1,0,TICKET_1216,53.35,Q
217,1,2,"Passenger, Person 217",female,4.0,0,2,TICKET_1217,27.19,S
218,1,3,"Passenger, Person 218",female,39.3,0,0,TICKET_1218,32.19,S
219,0,3,"Passenger, Person 219",male,27.6,0,1,TICKET_1219,16.55,S
220,1,3,"Passenger, Person 220",female,37.3,0,0,TICKET_1220,14.25,S
221,0,3,"Passenger, Person 221",male,38.3,0,2,TICKET_1221,11.94,S
222,0,3,"Passenger, Person 222",male,18.2,0,0,TICKET_1222,10.63,S
223,0,1,"Passenger, Person 223",male,31.2,0,0,TICKET_1223,150.57,S
224,0,2,"Passenger, Person 224",male,25.4,0,0,TICKET_1224,80.46,S
225,0,2,"Passenger, Person 225",male,25.4,0,0,TICKET_1225,19.01,Q
226,0,2,"Passenger, Person 226",male,39.3,1,0,TICKET_1226,14.64,C
227,0,3,"Passenger, Person 227",female,6.1,0,1,TICKET_1227,8.77,Q
228,0,2,"Passenger, Person 228",male,,0,0,TICKET_1228,29.83,S
229,0,3,"Passenger, Person 229",male,24.1,1,2,TICKET_1229,19.55,S
230,1,3,"Passenger, Person 230",female,24.1,0,1,TICKET_1230,12.17,S
231,1,3,"Passenger, Person 231",female,48.7,3,0,TICKET_1231,13.15,S
232,0,3,"Passenger, Person 232",female,8.4,1,1,TICKET_1232,18.8,S
233,1,3,"Passenger, Person 233",female,31.1,0,0,TICKET_1233,15.66,S
234,1,3,"Passenger, Person 234",female,42.9,3,0,TICKET_1234,11.21,S
235,0,1,"Passenger, Person 235",male,42.2,0,0,TICKET_1235,34.7,S
236,1,3,"Passenger, Person 236",male,20.1,0,0,TICKET_1236,8.42,C
237,0,2,"Passenger, Person 237",male,11.8,0,0,TICKET_1237,45.86,S
238,1,1,"Passenger, Person 238",male,54.1,0,0,TICKET_1238,234.66,S
239,1,3,"Passenger, Person 239",male,27.3,2,0,TICKET_1239,7.12,S
240,1,1,"Passenger, Person 240",female,17.9,0,0,TICKET_1240,130.06,S
241,0,3,"Passenger, Person 241",male,30.2,0,0,TICKET_1241,9.25,S
242,0,3,"Passenger, Person 242",male,,0,0,TICKET_1242,17.47,S
243,0,3,"Passenger, Person 243",male,33.2,0,1,TICKET_1243,20.33,S
244,1,2,"Passenger, Person 244",female,30.1,0,0,TICKET_1244,25.49,C
245,1,1,"Passenger, Person 245",male,31.7,0,0,TICKET_1245,77.17,C
246,1,3,"Passenger, Person 246",female,49.6,1,0,TICKET_1246,9.79,S
247,1,2,"Passenger, Person 247",male,17.9,0,0,TICKET_1247,10.1,S
248,0,3,"Passenger, Person 248",male,20.2,1,1,TICKET_1248,7.98,S
249,0,3,"Passenger, Person 249",male,,0,0,TICKET_1249,11.18,C
250,1,3,"Passenger, Person 250",female,15.0,1,0,TICKET_1250,22.07,S
251,0,2,"Passenger, Person 251",male,24.9,1,0,TICKET_1251,28.64,S
252,0,2,"Passenger, Person 252",female,41.0,0,0,TICKET_1252,44.33,S
253,0,3,"Passenger, Person 253",male,35.1,0,2,TICKET_1253,12.61,S
254,0,2,"Passenger, Person 254",male,34.5,1,1,TICKET_1254,44.53,C
255,1,1,"Passenger, Person 255",female,,0,0,TICKET_1255,79.96,S
256,1,3,"Passenger, Person 256",female,18.6,2,0,TICKET_1256,7.46,S
257,1,3,"Passenger, Person 257",female,17.7,0,0,TICKET_1257,13.83,S
258,1,3,"Passenger, Person 258",female,24.1,0,0,TICKET_1258,22.9,S
259,0,3,"Passenger, Person 259",female,30.1,0,1,TICKET_1259,12.25,C
260,1,1,"Passenger, Person 260",female,57.8,2,1,TICKET_1260,141.44,C
261,1,3,"Passenger, Person 261",female,3.7,0,0,TICKET_1261,13.58,S
262,0,3,"Passenger, Person 262",female,37.8,1,2,TICKET_1262,10.23,S
263,1,1,"Passenger, Person 263",female,23.1,1,0,TICKET_1263,82.2,S
264,0,3,"Passenger, Person 264",male,41.6,0,0,TICKET_1264,22.13,S
265,0,3,"Passenger, Person 265",female,30.3,0,0,TICKET_1265,12.9,S
266,0,3,"Passenger, Person 266",male,38.2,1,0,TICKET_1266,28.66,S
267,1,3,"Passenger, Person 267",female,30.6,0,0,TICKET_1267,20.12,S
268,1,3,"Passenger, Person 268",female,41.2,1,0,TICKET_1268,16.45,S
269,0,2,"Passenger, Person 269",male,12.6,0,0,TICKET_1269,20.11,S
270,1,2,"Passenger, Person 270",female,26.2,0,0,TICKET_1270,24.55,C
271,0,3,"Passenger, Person 271",male,52.3,1,1,TICKET_1271,8.76,S
272,0,3,"Passenger, Person 272",male,,0,0,TICKET_1272,26.33,S
273,1,3,"Passenger, Person 273",female,,0,0,TICKET_1273,8.53,S
274,1,3,"Passenger, Person 274",male,9.7,0,1,TICKET_1274,9.7,S
275,1,3,"Passenger, Person 275",female,9.5,0,2,TICKET_1275,12.82,S
276,0,3,"Passenger, Person 276",female,28.5,0,2,TICKET_1276,9.45,S
277,0,3,"Passenger, Person 277",male,26.7,1,0,TICKET_1277,8.88,C
278,0,3,"Passenger, Person 278",male,17.6,0,0,TICKET_1278,14.31,S
279,0,3,"Passenger, Person 279",male,,0,0,TICKET_1279,7.75,S
280,0,3,"Passenger, Person 280",male,44.1,0,0,TICKET_1280,7.48,S
281,1,3,"Passenger, Person 281",female,33.3,0,2,TICKET_1281,10.72,S
282,0,2,"Passenger, Person 282",male,17.7,0,0,TICKET_1282,61.44,S
283,0,2,"Passenger, Person 283",male,36.0,2,0,TICKET_1283,40.67,S
284,0,1,"Passenger, Person 284",male,37.7,1,0,TICKET_1284,62.78,S
285,0,3,"Passenger, Person 285",male,20.3,0,0,TICKET_1285,13.67,S
286,1,1,"Passenger, Person 286",female,30.9,0,1,TICKET_1286,135.11,S
287,0,3,"Passenger, Person 287",male,19.3,0,0,TICKET_1287,29.01,S
288,1,3,"Passenger, Person 288",female,9.9,0,0,TICKET_1288,7.45,S
289,0,2,"Passenger, Person 289",male,30.1,0,0,TICKET_1289,16.32,S
290,0,3,"Passenger, Person 290",female,,0,0,TICKET_1290,24.75,C
291,1,1,"Passenger, Person 291",male,32.5,0,0,TICKET_1291,85.27,C
292,1,1,"Passenger, Person 292",male,,0,0,TICKET_1292,39.39,S
293,1,3,"Passenger, Person 293",female,38.1,0,0,TICKET_1293,9.81,Q
294,1,2,"Passenger, Person 294",male,16.1,2,0,TICKET_1294,58.37,S
295,0,1,"Passenger, Person 295",female,55.0,0,2,TICKET_1295,120.65,C
296,1,3,"Passenger, Person 296",female,10.9,0,1,TICKET_1296,20.36,S
297,0,3,"Passenger, Person 297",male,,0,2,TICKET_1297,17.15,C
298,1,1,"Passenger, Person 298",male,32.0,0,0,TICKET_1298,261.59,S
299,0,3,"Passenger, Person 299",female,26.9,1,0,TICKET_1299,7.85,S
300,0,1,"Passenger, Person 300",male,37.7,0,0,TICKET_1300,59.1,S
301,1,1,"Passenger, Person 301",male,,0,1,TICKET_1301,46.39,S
302,1,3,"Passenger, Person 302",male,9.0,0,2,TICKET_1302,21.22,S
303,0,3,"Passenger, Person 303",male,,1,1,TICKET_1303,7.34,C
304,0,3,"Passenger, Person 304",male,,0,0,TICKET_1304,7.19,S
305,1,3,"Passenger, Person 305",female,19.5,0,2,TICKET_1305,10.73,C
306,0,3,"Passenger, Person 306",female,22.4,0,0,TICKET_1306,8.29,S
307,1,3,"Passenger, Person 307",female,23.9,0,0,TICKET_1307,13.54,S
308,1,2,"Passenger, Person 308",female,,0,0,TICKET_1308,10.97,S
309,0,3,"Passenger, Person 309",male,25.6,0,0,TICKET_1309,10.97,S
310,1,2,"Passenger, Person 310",female,28.3,0,0,TICKET_1310,11.39,S
311,0,2,"Passenger, Person 311",male,44.9,1,0,TICKET_1311,11.97,C
312,1,1,"Passenger, Person 312",male,19.2,0,0,TICKET_1312,33.82,S
313,0,1,"Passenger, Person 313",male,39.8,0,0,TICKET_1313,201.3,S
314,0,3,"Passenger, Person 314",male,0.5,0,1,TICKET_1314,10.18,C
315,0,3,"Passenger, Person 315",female,38.8,3,0,TICKET_1315,26.1,S
316,1,3,"Passenger, Person 316",female,41.6,0,0,TICKET_1316,7.82,Q
317,0,2,"Passenger, Person 317",male,28.2,1,1,TICKET_1317,21.94,Q
318,1,1,"Passenger, Person 318",male,40.5,0,1,TICKET_1318,254.92,S
319,0,1,"Passenger, Person 319",female,42.9,0,0,TICKET_1319,55.41,S
320,0,2,"Passenger, Person 320",male,28.4,0,0,TICKET_1320,18.66,S
321,1,3,"Passenger, Person 321",male,,0,0,TICKET_1321,8.91,C
322,1,3,"Passenger, Person 322",male,18.8,2,0,TICKET_1322,7.24,S
323,0,3,"Passenger, Person 323",female,43.4,2,0,TICKET_1323,11.55,S
324,1,2,"Passenger, Person 324",female,21.1,0,1,TICKET_1324,19.98,C
325,0,3,"Passenger, Person 325",male,13.9,0,0,TICKET_1325,23.32,S
326,1,3,"Passenger, Person 326",male,5.8,2,1,TICKET_1326,14.43,C
327,1,3,"Passenger, Person 327",female,21.1,0,1,TICKET_1327,14.62,S
328,0,3,"Passenger, Person 328",female,22.4,0,1,TICKET_1328,13.07,S
329,0,2,"Passenger, Person 329",male,37.1,0,0,TICKET_1329,20.9,C
330,1,2,"Passenger, Person 330",female,20.7,0,1,TICKET_1330,32.89,S
331,0,2,"Passenger, Person 331",male,,0,0,TICKET_1331,12.05,S
332,0,3,"Passenger, Person 332",male,48.2,0,0,TICKET_1332,21.43,S
333,1,1,"Passenger, Person 333",female,,0,0,TICKET_1333,190.05,S
334,0,1,"Passenger, Person 334",male,36.7,0,0,TICKET_1334,50.16,S
335,0,1,"Passenger, Person 335",male,42.6,0,0,TICKET_1335,43.89,Q
336,1,1,"Passenger, Person 336",male,40.7,0,0,TICKET_1336,74.66,S
337,0,3,"Passenger, Person 337",male,39.2,1,0,TICKET_1337,7.03,S
338,1,3,"Passenger, Person 338",female,17.5,0,0,TICKET_1338,9.89,S
339,0,3,"Passenger, Person 339",male,25.5,0,0,TICKET_1339,7.92,S
340,1,1,"Passenger, Person 340",female,34.4,2,0,TICKET_1340,128.03,Q
341,0,3,"Passenger, Person 341",male,19.0,2,1,TICKET_1341,16.04,C
342,1,3,"Passenger, Person 342",male,8.5,0,0,TICKET_1342,23.6,S
343,0,1,"Passenger, Person 343",male,24.9,0,0,TICKET_1343,56.59,S
344,1,2,"Passenger, Person 344",female,19.5,1,0,TICKET_1344,23.09,S
345,0,2,"Passenger, Person 345",male,30.1,1,0,TICKET_1345,40.78,S
346,1,3,"Passenger, Person 346",female,18.6,2,0,TICKET_1346,7.1,S
347,0,3,"Passenger, Person 347",male,39.6,1,0,TICKET_1347,15.66,S
348,1,1,"Passenger, Person 348",female,63.7,0,2,TICKET_1348,60.48,Q
349,0,2,"Passenger, Person 349",male,,0,0,TICKET_1349,25.43,S
350,1,3,"Passenger, Person 350",female,4.0,0,0,TICKET_1350,10.21,C
351,1,3,"Passenger, Person 351",female,30.2,0,0,TICKET_1351,9.52,S
352,0,3,"Passenger, Person 352",female,30.7,0,1,TICKET_1352,12.73,S
353,1,3,"Passenger, Person 353",female,15.5,0,0,TICKET_1353,11.64,C
354,1,1,"Passenger, Person 354",female,15.4,0,0,TICKET_1354,62.25,S
355,0,1,"Passenger, Person 355",male,23.2,1,0,TICKET_1355,39.08,C
356,0,3,"Passenger, Person 356",male,0.5,0,0,TICKET_1356,10.92,S
357,0,1,"Passenger, Person 357",male,51.3,0,0,TICKET_1357,130.45,S
358,1,3,"Passenger, Person 358",female,0.5,0,0,TICKET_1358,8.45,C
359,0,3,"Passenger, Person 359",male,13.4,0,0,TICKET_1359,10.44,S
360,0,3,"Passenger, Person 360",female,,1,0,TICKET_1360,17.83,C
361,0,2,"Passenger, Person 361",male,33.0,1,0,TICKET_1361,15.26,Q
362,0,3,"Passenger, Person 362",male,10.9,3,0,TICKET_1362,15.79,S
363,0,3,"Passenger, Person 363",male,22.6,0,0,TICKET_1363,9.13,S
364,1,3,"Passenger, Person 364",female,,0,0,TICKET_1364,14.1,S
365,0,3,"Passenger, Person 365",male,3.0,0,2,TICKET_1365,13.76,S
366,0,2,"Passenger, Person 366",male,15.6,0,1,TICKET_1366,35.07,C
367,0,3,"Passenger, Person 367",male,43.0,1,0,TICKET_1367,13.39,S
368,1,3,"Passenger, Person 368",male,47.3,1,0,TICKET_1368,12.41,S
369,1,1,"Passenger, Person 369",male,,1,0,TICKET_1369,380.76,S
370,1,1,"Passenger, Person 370",male,47.5,0,0,TICKET_1370,47.15,S
371,1,1,"Passenger, Person 371",female,28.8,1,0,TICKET_1371,35.51,C
372,0,1,"Passenger, Person 372",male,12.4,0,2,TICKET_1372,42.92,S
373,0,1,"Passenger, Person 373",male,,1,0,TICKET_1373,203.8,Q
374,0,3,"Passenger, Person 374",male,15.3,0,0,TICKET_1374,7.55,S
375,1,1,"Passenger, Person 375",male,36.1,0,0,TICKET_1375,54.5,S
376,0,2,"Passenger, Person 376",male,29.2,0,0,TICKET_1376,21.42,S
377,0,3,"Passenger, Person 377",male,,2,0,TICKET_1377,7.5,S
378,0,1,"Passenger, Person 378",male,56.4,0,0,TICKET_1378,51.52,Q
379,0,3,"Passenger, Person 379",male,35.6,0,0,TICKET_1379,8.65,S
380,0,2,"Passenger, Person 380",female,35.6,1,1,TICKET_1380,12.68,C
381,1,1,"Passenger, Person 381",female,39.1,0,0,TICKET_1381,49.75,S
382,0,3,"Passenger, Person 382",female,28.8,0,1,TICKET_1382,31.06,S
383,0,3,"Passenger, Person 383",male,33.2,0,1,TICKET_1383,15.05,S
384,0,3,"Passenger, Person 384",male,,0,0,TICKET_1384,10.49,S
385,0,3,"Passenger, Person 385",male,11.7,2,1,TICKET_1385,14.4,S
386,0,3,"Passenger, Person 386",male,,1,0,TICKET_1386,9.99,S
387,1,2,"Passenger, Person 387",female,36.2,0,2,TICKET_1387,22.05,C
388,1,1,"Passenger, Person 388",male,45.7,3,0,TICKET_1388,204.65,S
389,1,3,"Passenger, Person 389",male,29.2,0,0,TICKET_1389,13.54,S
390,1,3,"Passenger, Person 390",male,,0,0,TICKET_1390,10.14,S
391,1,3,"Passenger, Person 391",female,2.9,0,0,TICKET_1391,9.78,S
392,1,2,"Passenger, Person 392",male,35.0,0,2,TICKET_1392,11.62,Q
393,1,2,"Passenger, Person 393",male,,0,0,TICKET_1393,59.64,S
394,0,3,"Passenger, Person 394",male,,2,0,TICKET_1394,11.79,S
395,0,2,"Passenger, Person 395",male,,1,0,TICKET_1395,25.46,S
396,0,3,"Passenger, Person 396",male,9.4,0,2,TICKET_1396,12.1,S
397,0,3,"Passenger, Person 397",male,27.8,0,0,TICKET_1397,20.66,S
398,1,2,"Passenger, Person 398",male,19.9,1,0,TICKET_1398,32.67,S
399,0,3,"Passenger, Person 399",male,,2,0,TICKET_1399,22.6,S
400,0,3,"Passenger, Person 400",male,39.3,1,0,TICKET_1400,25.22,S
401,0,1,"Passenger, Person 401",male,16.9,0,0,TICKET_1401,70.91,C
402,0,3,"Passenger, Person 402",male,25.6,1,0,TICKET_1402,11.05,S
403,1,3,"Passenger, Person 403",female,27.7,0,0,TICKET_1403,8.96,C
404,0,3,"Passenger, Person 404",female,,0,0,TICKET_1404,10.74,S
405,0,2,"Passenger, Person 405",male,,0,0,TICKET_1405,61.66,C
406,0,3,"Passenger, Person 406",male,,0,0,TICKET_1406,8.55,S
407,0,2,"Passenger, Person 407",male,25.6,0,0,TICKET_1407,23.98,S
408,0,1,"Passenger, Person 408",male,,0,1,TICKET_1408,31.68,S
409,1,3,"Passenger, Person 409",female,28.8,0,2,TICKET_1409,23.06,S
410,0,1,"Passenger, Person 410",male,39.6,1,0,TICKET_1410,52.99,S
411,1,2,"Passenger, Person 411",female,38.5,0,0,TICKET_1411,26.62,S
412,0,3,"Passenger, Person 412",male,28.4,0,0,TICKET_1412,18.52,S
413,1,3,"Passenger, Person 413",male,15.0,0,0,TICKET_1413,18.4,S
414,0,3,"Passenger, Person 414",female,17.3,2,0,TICKET_1414,24.38,S
415,1,3,"Passenger, Person 415",female,,0,0,TICKET_1415,17.45,C
416,1,2,"Passenger, Person 416",female,38.8,0,0,TICKET_1416,21.35,S
417,0,2,"Passenger, Person 417",female,37.0,0,2,TICKET_1417,29.28,S
418,1,2,"Passenger, Person 418",male,15.8,1,0,TICKET_1418,50.58,S
419,0,3,"Passenger, Person 419",female,48.0,3,0,TICKET_1419,7.11,S
420,1,3,"Passenger, Person 420",male,10.3,0,0,TICKET_1420,7.06,S
421,1,3,"Passenger, Person 421",female,25.9,0,0,TICKET_1421,9.2,C
422,1,3,"Passenger, Person 422",male,9.5,1,0,TICKET_1422,7.85,S
423,1,1,"Passenger, Person 423",female,12.8,0,0,TICKET_1423,127.28,S
424,0,3,"Passenger, Person 424",male,,0,0,TICKET_1424,8.56,S
425,0,1,"Passenger, Person 425",male,41.7,0,0,TICKET_1425,35.77,S
426,0,3,"Passenger, Person 426",male,20.2,0,2,TICKET_1426,26.2,C
427,1,2,"Passenger, Person 427",female,46.3,0,0,TICKET_1427,23.24,C
428,0,3,"Passenger, Person 428",male,32.2,0,0,TICKET_1428,17.66,S
429,1,2,"Passenger, Person 429",male,43.2,1,0,TICKET_1429,36.98,S
430,1,1,"Passenger, Person 430",male,,2,0,TICKET_1430,51.32,S
431,1,1,"Passenger, Person 431",male,60.6,0,0,TICKET_1431,96.95,S
432,0,3,"Passenger, Person 432",female,38.8,1,1,TICKET_1432,15.49,S
433,0,3,"Passenger, Person 433",male,13.3,0,2,TICKET_1433,15.92,S
434,1,1,"Passenger, Person 434",female,,0,2,TICKET_1434,183.87,S
435,1,1,"Passenger, Person 435",male,7.9,0,0,TICKET_1435,128.9,S
436,0,3,"Passenger, Person 436",male,22.3,2,1,TICKET_1436,23.82,S
437,1,1,"Passenger, Person 437",female,35.0,1,0,TICKET_1437,274.6,C
438,1,3,"Passenger, Person 438",female,16.4,0,0,TICKET_1438,15.61,S
439,0,3,"Passenger, Person 439",male,,1,0,TICKET_1439,10.38,C
440,0,1,"Passenger, Person 440",male,39.1,0,1,TICKET_1440,59.61,S
441,1,1,"Passenger, Person 441",female,34.9,2,0,TICKET_1441,152.73,S
442,0,3,"Passenger, Person 442",male,15.5,1,0,TICKET_1442,13.62,C
443,1,2,"Passenger, Person 443",female,1.7,2,0,TICKET_1443,19.47,C
444,1,2,"Passenger, Person 444",female,,0,0,TICKET_1444,24.14,S
445,0,3,"Passenger, Person 445",female,8.8,0,0,TICKET_1445,8.21,S
446,0,3,"Passenger, Person 446",male,20.0,0,1,TICKET_1446,9.04,C
447,1,3,"Passenger, Person 447",female,25.4,0,0,TICKET_1447,13.53,S
448,0,3,"Passenger, Person 448",male,26.3,0,0,TICKET_1448,18.55,S
449,0,2,"Passenger, Person 449",male,22.4,0,0,TICKET_1449,13.33,C
450,1,1,"Passenger, Person 450",male,41.3,0,0,TICKET_1450,135.34,S
451,1,3,"Passenger, Person 451",male,,0,0,TICKET_1451,7.01,S
452,1,3,"Passenger, Person 452",female,33.8,0,0,TICKET_1452,18.32,S
453,0,2,"Passenger, Person 453",female,29.0,0,0,TICKET_1453,29.39,S
454,0,3,"Passenger, Person 454",female,21.6,2,0,TICKET_1454,20.28,S
455,0,1,"Passenger, Person 455",male,22.0,0,0,TICKET_1455,102.4,S
456,0,3,"Passenger, Person 456",male,35.7,0,0,TICKET_1456,25.73,S
457,1,1,"Passenger, Person 457",male,37.5,1,0,TICKET_1457,32.43,S
458,1,3,"Passenger, Person 458",female,29.2,0,0,TICKET_1458,12.95,S
459,0,1,"Passenger, Person 459",male,36.2,0,2,TICKET_1459,82.79,S
460,1,1,"Passenger, Person 460",female,11.7,0,0,TICKET_1460,72.8,Q
461,1,1,"Passenger, Person 461",male,,0,0,TICKET_1461,113.11,S
462,1,3,"Passenger, Person 462",male,13.6,2,0,TICKET_1462,12.99,Q
463,1,3,"Passenger, Person 463",female,,0,0,TICKET_1463,10.05,S
464,0,3,"Passenger, Person 464",male,34.2,0,2,TICKET_1464,9.39,C
465,1,3,"Passenger, Person 465",female,6.5,0,0,TICKET_1465,7.31,S
466,0,2,"Passenger, Person 466",female,49.2,0,0,TICKET_1466,44.81,S
467,1,2,"Passenger, Person 467",male,40.1,1,0,TICKET_1467,10.58,C
468,0,3,"Passenger, Person 468",male,17.4,0,0,TICKET_1468,8.28,C
469,0,1,"Passenger, Person 469",male,,0,1,TICKET_1469,50.97,S
470,1,3,"Passenger, Person 470",female,33.9,0,0,TICKET_1470,16.15,S
471,0,1,"Passenger, Person 471",male,21.3,0,0,TICKET_1471,147.15,S
472,0,3,"Passenger, Person 472",male,28.2,0,0,TICKET_1472,12.6,C
473,0,1,"Passenger, Person 473",male,52.0,1,0,TICKET_1473,26.18,S
474,0,3,"Passenger, Person 474",female,29.4,1,1,TICKET_1474,29.03,S
475,0,3,"Passenger, Person 475",male,23.5,2,0,TICKET_1475,20.18,S
476,1,3,"Passenger, Person 476",female,30.5,1,0,TICKET_1476,15.08,S
477,1,1,"Passenger, Person 477",female,42.0,1,0,TICKET_1477,101.8,C
478,0,3,"Passenger, Person 478",male,,0,0,TICKET_1478,39.57,S
479,0,3,"Passenger, Person 479",male,,1,0,TICKET_1479,9.56,S
480,0,3,"Passenger, Person 480",female,24.6,1,0,TICKET_1480,8.81,S
481,0,3,"Passenger, Person 481",male,15.3,1,0,TICKET_1481,11.67,S
482,0,3,"Passenger, Person 482",female,11.6,0,0,TICKET_1482,7.47,S
483,1,3,"Passenger, Person 483",male,,0,0,TICKET_1483,37.72,S
484,0,3,"Passenger, Person 484",male,27.6,1,2,TICKET_1484,14.1,Q
485,0,3,"Passenger, Person 485",female,34.4,1,0,TICKET_1485,13.51,S
486,0,3,"Passenger, Person 486",male,19.8,3,0,TICKET_1486,15.53,S
487,1,1,"Passenger, Person 487",male,22.7,0,0,TICKET_1487,44.49,C
488,1,2,"Passenger, Person 488",male,,0,0,TICKET_1488,39.87,S
489,1,3,"Passenger, Person 489",male,30.3,0,0,TICKET_1489,14.58,Q
490,0,3,"Passenger, Person 490",male,15.1,1,1,TICKET_1490,17.08,C
491,0,3,"Passenger, Person 491",male,,0,0,TICKET_1491,11.31,S
492,0,3,"Passenger, Person 492",female,,0,0,TICKET_1492,18.33,S
493,0,2,"Passenger, Person 493",male,,3,0,TICKET_1493,30.43,S
494,1,1,"Passenger, Person 494",female,,0,0,TICKET_1494,60.23,S
495,0,3,"Passenger, Person 495",male,26.9,1,0,TICKET_1495,8.41,C
496,0,2,"Passenger, Person 496",female,22.3,0,0,TICKET_1496,20.53,S
497,0,3,"Passenger, Person 497",male,,1,0,TICKET_1497,22.02,S
498,1,1,"Passenger, Person 498",female,,0,0,TICKET_1498,26.92,S
499,0,3,"Passenger, Person 499",male,29.5,1,0,TICKET_1499,10.86,S
500,0,3,"Passenger, Person 500",male,28.7,2,0,TICKET_1500,14.12,S
501,0,3,"Passenger, Person 501",male,39.3,0,0,TICKET_1501,17.21,C
502,0,3,"Passenger, Person 502",male,9.9,0,0,TICKET_1502,9.21,S
503,1,2,"Passenger, Person 503",male,25.3,0,0,TICKET_1503,38.26,S
504,0,3,"Passenger, Person 504",male,32.1,0,0,TICKET_1504,35.63,S
505,1,3,"Passenger, Person 505",female,,1,0,TICKET_1505,14.69,C
506,0,1,"Passenger, Person 506",male,43.9,0,0,TICKET_1506,34.12,S
507,0,3,"Passenger, Person 507",male,37.4,0,0,TICKET_1507,10.3,C
508,0,3,"Passenger, Person 508",male,35.5,0,0,TICKET_1508,16.71,S
509,1,3,"Passenger, Person 509",female,11.3,1,0,TICKET_1509,9.01,Q
510,0,3,"Passenger, Person 510",male,34.8,2,0,TICKET_1510,9.42,S
511,0,3,"Passenger, Person 511",male,24.2,0,0,TICKET_1511,12.74,S
512,0,2,"Passenger, Person 512",male,22.7,0,1,TICKET_1512,53.5,S
513,1,3,"Passenger, Person 513",female,,0,0,TICKET_1513,8.47,S
514,1,3,"Passenger, Person 514",female,,0,0,TICKET_1514,9.44,S
515,0,1,"Passenger, Person 515",male,34.4,0,0,TICKET_1515,65.61,S
516,1,1,"Passenger, Person 516",female,60.4,0,0,TICKET_1516,113.66,S
517,1,2,"Passenger, Person 517",female,31.4,0,0,TICKET_1517,23.67,S
518,1,3,"Passenger, Person 518",male,20.3,0,0,TICKET_1518,7.79,Q
519,0,3,"Passenger, Person 519",female,,0,0,TICKET_1519,8.51,S
520,0,1,"Passenger, Person 520",male,,0,0,TICKET_1520,125.16,C
521,0,3,"Passenger, Person 521",male,32.2,0,0,TICKET_1521,14.59,S
522,1,2,"Passenger, Person 522",male,28.6,1,0,TICKET_1522,49.78,S
523,0,3,"Passenger, Person 523",male,54.8,1,0,TICKET_1523,18.23,S
524,0,3,"Passenger, Person 524",male,28.2,0,0,TICKET_1524,7.17,S
525,1,3,"Passenger, Person 525",female,40.3,0,0,TICKET_1525,9.29,Q
526,0,3,"Passenger, Person 526",male,23.2,1,0,TICKET_1526,24.71,S
527,0,2,"Passenger, Person 527",male,,2,0,TICKET_1527,57.34,C
528,0,2,"Passenger, Person 528",male,31.4,0,0,TICKET_1528,20.9,Q
529,1,1,"Passenger, Person 529",female,62.3,0,0,TICKET_1529,65.99,S
530,0,3,"Passenger, Person 530",male,37.7,0,0,TICKET_1530,12.43,Q
531,1,3,"Passenger, Person 531",male,35.5,0,1,TICKET_1531,22.01,S
532,0,3,"Passenger, Person 532",male,21.2,0,2,TICKET_1532,14.35,Q
533,0,3,"Passenger, Person 533",male,18.1,0,0,TICKET_1533,16.16,S
534,1,3,"Passenger, Person 534",female,,1,0,TICKET_1534,47.29,S
535,0,3,"Passenger, Person 535",female,36.2,0,0,TICKET_1535,9.12,C
536,0,3,"Passenger, Person 536",male,,0,0,TICKET_1536,14.82,S
537,0,3,"Passenger, Person 537",female,37.8,0,0,TICKET_1537,11.93,S
538,0,2,"Passenger, Person 538",male,,0,0,TICKET_1538,31.91,S
539,0,3,"Passenger, Person 539",female,14.0,0,1,TICKET_1539,7.12,S
540,0,1,"Passenger, Person 540",male,48.5,0,0,TICKET_1540,39.29,S
541,0,3,"Passenger, Person 541",male,23.3,1,0,TICKET_1541,15.38,C
542,0,3,"Passenger, Person 542",male,28.7,0,0,TICKET_1542,13.7,S
543,1,1,"Passenger, Person 543",female,,1,1,TICKET_1543,74.2,S
544,0,3,"Passenger, Person 544",male,41.2,2,0,TICKET_1544,7.26,S
545,0,3,"Passenger, Person 545",male,30.1,0,0,TICKET_1545,12.07,S
546,0,2,"Passenger, Person 546",male,34.1,0,0,TICKET_1546,28.07,C
547,0,1,"Passenger, Person 547",female,,0,1,TICKET_1547,34.25,C
548,1,3,"Passenger, Person 548",male,9.2,1,0,TICKET_1548,14.84,Q
549,1,3,"Passenger, Person 549",female,28.4,2,1,TICKET_1549,19.11,S
550,1,3,"Passenger, Person 550",female,,1,0,TICKET_1550,19.26,S
551,0,3,"Passenger, Person 551",male,37.2,0,0,TICKET_1551,12.86,Q
552,0,3,"Passenger, Person 552",female,23.1,0,0,TICKET_1552,22.61,C
553,0,3,"Passenger, Person 553",male,63.9,0,0,TICKET_1553,10.97,S
554,1,3,"Passenger, Person 554",female,52.7,0,0,TICKET_1554,24.56,S
555,0,3,"Passenger, Person 555",male,22.8,0,1,TICKET_1555,9.2,Q
556,1,2,"Passenger, Person 556",female,41.4,0,0,TICKET_1556,22.73,S
557,1,1,"Passenger, Person 557",female,53.2,1,0,TICKET_1557,62.34,S
558,1,1,"Passenger, Person 558",female,39.4,0,0,TICKET_1558,57.87,S
559,1,3,"Passenger, Person 559",female,5.3,0,0,TICKET_1559,11.32,S
560,1,3,"Passenger, Person 560",male,3.6,0,0,TICKET_1560,9.08,S
561,0,3,"Passenger, Person 561",male,17.5,1,0,TICKET_1561,9.11,S
562,1,1,"Passenger, Person 562",female,33.2,1,0,TICKET_1562,37.17,S
563,1,1,"Passenger, Person 563",male,46.7,0,0,TICKET_1563,41.72,S
564,1,1,"Passenger, Person 564",male,32.8,0,2,TICKET_1564,80.69,S
565,0,2,"Passenger, Person 565",female,50.1,0,0,TICKET_1565,16.67,S
566,0,3,"Passenger, Person 566",female,,2,1,TICKET_1566,12.14,C
567,0,2,"Passenger, Person 567",female,26.9,0,0,TICKET_1567,29.62,Q
568,0,2,"Passenger, Person 568",male,32.8,0,0,TICKET_1568,18.64,S
569,1,3,"Passenger, Person 569",female,,0,0,TICKET_1569,8.07,S
570,0,2,"Passenger, Person 570",male,48.2,0,0,TICKET_1570,17.37,Q
571,0,3,"Passenger, Person 571",female,34.5,1,1,TICKET_1571,10.38,S
572,0,3,"Passenger, Person 572",male,23.5,0,0,TICKET_1572,12.52,S
573,1,2,"Passenger, Person 573",female,14.7,0,0,TICKET_1573,10.43,C
574,1,3,"Passenger, Person 574",female,23.1,0,1,TICKET_1574,12.85,S
575,0,3,"Passenger, Person 575",male,,0,0,TICKET_1575,8.21,C
576,0,3,"Passenger, Person 576",female,8.8,2,0,TICKET_1576,12.76,C
577,0,1,"Passenger, Person 577",male,,0,0,TICKET_1577,31.1,S
578,0,3,"Passenger, Person 578",female,,1,1,TICKET_1578,8.63,S
579,0,3,"Passenger, Person 579",female,,1,0,TICKET_1579,7.54,S
580,0,2,"Passenger, Person 580",male,14.6,0,0,TICKET_1580,33.72,S
581,0,3,"Passenger, Person 581",female,13.1,0,0,TICKET_1581,11.46,S
582,0,3,"Passenger, Person 582",female,,0,2,TICKET_1582,14.88,S
583,0,3,"Passenger, Person 583",male,,1,0,TICKET_1583,17.4,S
584,0,2,"Passenger, Person 584",male,19.7,0,0,TICKET_1584,14.51,C
585,1,3,"Passenger, Person 585",female,,0,0,TICKET_1585,12.09,S
586,1,2,"Passenger, Person 586",female,,0,2,TICKET_1586,24.33,S
587,1,1,"Passenger, Person 587",female,,1,1,TICKET_1587,199.29,S
588,0,1,"Passenger, Person 588",female,53.9,0,2,TICKET_1588,81.91,S
589,1,1,"Passenger, Person 589",male,46.3,0,0,TICKET_1589,75.25,S
590,1,1,"Passenger, Person 590",female,0.5,0,0,TICKET_1590,64.39,S
591,0,1,"Passenger, Person 591",male,47.2,0,0,TICKET_1591,40.26,S
592,1,3,"Passenger, Person 592",male,1.4,1,1,TICKET_1592,8.5,C
593,0,1,"Passenger, Person 593",male,37.7,0,0,TICKET_1593,42.97,Q
594,0,2,"Passenger, Person 594",male,18.1,1,0,TICKET_1594,11.87,S
595,0,3,"Passenger, Person 595",male,28.3,1,1,TICKET_1595,9.87,S
596,0,3,"Passenger, Person 596",male,24.7,0,0,TICKET_1596,7.15,S
597,0,3,"Passenger, Person 597",female,,1,0,TICKET_1597,24.56,S
598,0,1,"Passenger, Person 598",male,43.7,0,0,TICKET_1598,53.03,S
599,0,1,"Passenger, Person 599",male,24.4,0,0,TICKET_1599,64.12,C
600,0,1,"Passenger, Person 600",male,18.7,0,0,TICKET_1600,34.32,S
601,1,1,"Passenger, Person 601",male,29.2,0,0,TICKET_1601,28.19,S
602,1,2,"Passenger, Person 602",male,28.6,0,0,TICKET_1602,33.69,S
603,1,1,"Passenger, Person 603",male,,0,0,TICKET_1603,79.96,Q
604,0,1,"Passenger, Person 604",male,45.2,1,0,TICKET_1604,117.95,C
605,1,1,"Passenger, Person 605",female,48.2,0,0,TICKET_1605,35.55,S
606,0,3,"Passenger, Person 606",male,18.4,0,0,TICKET_1606,9.92,S
607,0,1,"Passenger, Person 607",male,29.0,0,0,TICKET_1607,44.02,S
608,1,2,"Passenger, Person 608",male,0.5,1,0,TICKET_1608,18.26,S
609,1,3,"Passenger, Person 609",female,15.6,1,0,TICKET_1609,8.84,S
610,0,3,"Passenger, Person 610",male,15.9,0,0,TICKET_1610,19.43,C
611,0,1,"Passenger, Person 611",male,,1,1,TICKET_1611,49.05,C
612,1,3,"Passenger, Person 612",male,30.7,0,0,TICKET_1612,7.23,Q
613,1,3,"Passenger, Person 613",male,3.0,0,1,TICKET_1613,14.94,S
614,0,1,"Passenger, Person 614",male,53.0,1,0,TICKET_1614,48.99,C
615,1,3,"Passenger, Person 615",male,0.5,1,0,TICKET_1615,10.22,C
616,0,3,"Passenger, Person 616",male,24.0,1,0,TICKET_1616,8.01,S
617,1,1,"Passenger, Person 617",male,35.7,1,0,TICKET_1617,82.59,C
618,0,2,"Passenger, Person 618",male,30.8,0,0,TICKET_1618,20.08,S
619,1,3,"Passenger, Person 619",female,12.5,1,0,TICKET_1619,19.26,C
620,0,3,"Passenger, Person 620",female,10.9,0,2,TICKET_1620,14.79,S
621,1,1,"Passenger, Person 621",female,26.9,0,0,TICKET_1621,43.42,S
622,1,1,"Passenger, Person 622",female,,0,0,TICKET_1622,63.87,S
623,0,2,"Passenger, Person 623",male,80.0,0,1,TICKET_1623,17.42,S
624,0,3,"Passenger, Person 624",male,14.4,0,0,TICKET_1624,16.09,S
625,0,3,"Passenger, Person 625",male,27.2,0,1,TICKET_1625,17.33,S
626,0,2,"Passenger, Person 626",male,,0,0,TICKET_1626,36.13,S
627,0,3,"Passenger, Person 627",female,32.0,0,2,TICKET_1627,9.41,S
628,0,3,"Passenger, Person 628",male,20.1,0,0,TICKET_1628,7.15,C
629,1,1,"Passenger, Person 629",female,15.5,0,0,TICKET_1629,59.98,Q
630,0,2,"Passenger, Person 630",male,21.6,0,0,TICKET_1630,14.27,S
631,0,3,"Passenger, Person 631",female,25.1,1,0,TICKET_1631,19.5,C
632,0,3,"Passenger, Person 632",male,21.1,1,0,TICKET_1632,8.72,S
633,0,3,"Passenger, Person 633",male,,1,0,TICKET_1633,9.43,C
634,0,3,"Passenger, Person 634",male,27.5,0,0,TICKET_1634,12.75,S
635,0,1,"Passenger, Person 635",male,34.3,1,0,TICKET_1635,125.11,S
636,0,2,"Passenger, Person 636",male,,0,1,TICKET_1636,24.04,S
637,0,3,"Passenger, Person 637",male,8.3,0,0,TICKET_1637,12.14,S
638,1,2,"Passenger, Person 638",female,22.0,0,0,TICKET_1638,35.82,C
639,0,2,"Passenger, Person 639",male,33.7,1,0,TICKET_1639,11.08,C
640,1,2,"Passenger, Person 640",male,19.5,0,0,TICKET_1640,126.12,S
641,1,1,"Passenger, Person 641",male,57.0,0,0,TICKET_1641,34.93,S
642,1,2,"Passenger, Person 642",female,,0,1,TICKET_1642,45.9,C
643,0,1,"Passenger, Person 643",male,,1,1,TICKET_1643,56.28,C
644,0,2,"Passenger, Person 644",male,26.7,0,0,TICKET_1644,44.92,S
645,0,1,"Passenger, Person 645",male,63.2,0,1,TICKET_1645,51.03,S
646,0,3,"Passenger, Person 646",male,34.7,0,0,TICKET_1646,12.16,S
647,1,3,"Passenger, Person 647",female,13.1,0,0,TICKET_1647,10.06,S
648,0,3,"Passenger, Person 648",male,30.0,0,0,TICKET_1648,9.48,S
649,0,3,"Passenger, Person 649",male,14.7,0,0,TICKET_1649,34.29,S
650,1,3,"Passenger, Person 650",female,26.2,1,0,TICKET_1650,8.4,C
651,0,1,"Passenger, Person 651",male,44.7,0,0,TICKET_1651,43.93,S
652,0,3,"Passenger, Person 652",male,3.5,1,0,TICKET_1652,40.16,Q
653,0,3,"Passenger, Person 653",male,20.4,0,0,TICKET_1653,7.16,C
654,0,3,"Passenger, Person 654",female,23.5,0,0,TICKET_1654,16.61,Q
655,0,2,"Passenger, Person 655",male,,0,1,TICKET_1655,23.21,S
656,0,1,"Passenger, Person 656",female,30.9,0,0,TICKET_1656,41.16,C
657,0,2,"Passenger, Person 657",male,41.8,0,0,TICKET_1657,19.78,S
658,0,2,"Passenger, Person 658",male,,1,0,TICKET_1658,13.88,S
659,0,3,"Passenger, Person 659",male,24.5,0,0,TICKET_1659,7.09,S
660,1,3,"Passenger, Person 660",female,,0,0,TICKET_1660,14.09,S
661,0,2,"Passenger, Person 661",male,41.4,1,0,TICKET_1661,23.64,C
662,0,3,"Passenger, Person 662",female,39.1,0,0,TICKET_1662,23.53,C
663,1,3,"Passenger, Person 663",female,10.9,1,0,TICKET_1663,7.7,S
664,0,1,"Passenger, Person 664",male,,0,0,TICKET_1664,93.92,S
665,1,1,"Passenger, Person 665",male,38.0,0,0,TICKET_1665,228.36,S
666,0,1,"Passenger, Person 666",male,37.9,1,0,TICKET_1666,25.2,S
667,1,2,"Passenger, Person 667",male,23.9,0,0,TICKET_1667,10.92,C
668,1,1,"Passenger, Person 668",female,40.2,0,1,TICKET_1668,195.83,S
669,0,1,"Passenger, Person 669",female,,1,0,TICKET_1669,199.86,Q
670,0,2,"Passenger, Person 670",male,37.3,0,1,TICKET_1670,15.1,S
671,1,1,"Passenger, Person 671",male,28.8,0,0,TICKET_1671,119.34,S
672,1,3,"Passenger, Person 672",female,20.2,0,2,TICKET_1672,9.97,S
673,1,1,"Passenger, Person 673",male,,1,0,TICKET_1673,71.88,S
674,0,3,"Passenger, Person 674",female,,2,0,TICKET_1674,10.88,S
675,0,2,"Passenger, Person 675",male,,0,2,TICKET_1675,10.21,C
676,0,3,"Passenger, Person 676",female,21.3,0,0,TICKET_1676,38.01,C
677,0,1,"Passenger, Person 677",male,41.7,1,0,TICKET_1677,34.43,S
678,0,2,"Passenger, Person 678",male,44.7,0,0,TICKET_1678,18.49,S
679,0,3,"Passenger, Person 679",male,36.7,0,0,TICKET_1679,12.24,S
680,1,3,"Passenger, Person 680",male,8.5,1,1,TICKET_1680,14.82,S
681,0,3,"Passenger, Person 681",male,44.3,1,0,TICKET_1681,21.18,S
682,0,2,"Passenger, Person 682",female,16.7,1,0,TICKET_1682,15.57,S
683,1,1,"Passenger, Person 683",female,,0,0,TICKET_1683,77.72,C
684,0,3,"Passenger, Person 684",male,19.4,0,0,TICKET_1684,11.21,S
685,0,3,"Passenger, Person 685",male,23.2,0,0,TICKET_1685,10.76,Q
686,0,3,"Passenger, Person 686",male,,0,0,TICKET_1686,27.78,S
687,0,3,"Passenger, Person 687",male,18.7,0,0,TICKET_1687,21.13,Q
688,0,2,"Passenger, Person 688",male,18.3,1,0,TICKET_1688,33.37,S
689,0,3,"Passenger, Person 689",male,40.6,0,1,TICKET_1689,7.92,S
690,0,1,"Passenger, Person 690",male,55.3,1,0,TICKET_1690,35.82,Q
691,0,2,"Passenger, Person 691",male,15.3,0,0,TICKET_1691,10.17,S
692,0,2,"Passenger, Person 692",male,44.9,0,0,TICKET_1692,21.11,S
693,0,3,"Passenger, Person 693",male,8.3,0,0,TICKET_1693,8.24,C
694,1,2,"Passenger, Person 694",female,33.6,0,0,TICKET_1694,10.41,C
695,0,1,"Passenger, Person 695",male,46.6,0,2,TICKET_1695,47.07,C
696,1,3,"Passenger, Person 696",female,22.7,2,0,TICKET_1696,10.05,S
697,0,2,"Passenger, Person 697",male,32.5,1,1,TICKET_1697,24.77,S
698,0,3,"Passenger, Person 698",male,15.5,0,0,TICKET_1698,12.29,Q
699,1,1,"Passenger, Person 699",female,38.0,0,0,TICKET_1699,100.72,S
700,1,3,"Passenger, Person 700",female,,2,0,TICKET_1700,23.58,S
701,0,3,"Passenger, Person 701",female,,0,0,TICKET_1701,10.56,S
702,1,1,"Passenger, Person 702",male,,0,0,TICKET_1702,227.91,S
703,0,2,"Passenger, Person 703",male,30.4,0,1,TICKET_1703,13.99,S
704,1,1,"Passenger, Person 704",female,20.9,2,0,TICKET_1704,64.73,S
705,1,1,"Passenger, Person 705",male,30.9,0,1,TICKET_1705,146.68,S
706,1,3,"Passenger, Person 706",male,37.0,0,0,TICKET_1706,8.1,S
707,0,2,"Passenger, Person 707",male,31.6,2,0,TICKET_1707,35.24,S
708,0,3,"Passenger, Person 708",male,26.9,0,0,TICKET_1708,9.39,S
709,1,2,"Passenger, Person 709",female,,0,0,TICKET_1709,21.35,C
710,0,3,"Passenger, Person 710",male,7.3,0,2,TICKET_1710,26.09,S
711,0,3,"Passenger, Person 711",male,16.1,1,0,TICKET_1711,9.15,S
712,0,3,"Passenger, Person 712",male,39.3,0,0,TICKET_1712,26.11,Q
713,0,3,"Passenger, Person 713",male,36.4,3,0,TICKET_1713,9.96,S
714,1,2,"Passenger, Person 714",male,27.4,0,0,TICKET_1714,23.12,S
715,0,2,"Passenger, Person 715",male,,0,0,TICKET_1715,56.47,S
716,0,3,"Passenger, Person 716",male,,3,0,TICKET_1716,31.54,C
717,1,3,"Passenger, Person 717",female,,0,0,TICKET_1717,7.44,C
718,0,3,"Passenger, Person 718",male,27.1,0,0,TICKET_1718,16.88,C
719,0,1,"Passenger, Person 719",male,43.3,0,0,TICKET_1719,125.63,C
720,0,3,"Passenger, Person 720",female,14.3,0,0,TICKET_1720,12.2,S
721,0,3,"Passenger, Person 721",female,,0,0,TICKET_1721,9.02,S
722,0,1,"Passenger, Person 722",male,53.8,0,0,TICKET_1722,34.52,S
723,1,1,"Passenger, Person 723",male,21.3,0,0,TICKET_1723,167.05,S
724,0,3,"Passenger, Person 724",male,23.1,1,0,TICKET_1724,13.44,S
725,0,3,"Passenger, Person 725",female,26.7,0,0,TICKET_1725,9.34,S
726,1,3,"Passenger, Person 726",female,35.2,3,0,TICKET_1726,31.92,S
727,1,1,"Passenger, Person 727",female,33.4,0,0,TICKET_1727,97.89,C
728,0,3,"Passenger, Person 728",male,32.0,0,0,TICKET_1728,8.78,S
729,1,1,"Passenger, Person 729",female,30.4,0,0,TICKET_1729,94.96,S
730,0,1,"Passenger, Person 730",male,35.7,0,1,TICKET_1730,57.99,S
731,1,1,"Passenger, Person 731",male,38.6,0,0,TICKET_1731,71.85,S
732,0,3,"Passenger, Person 732",male,37.0,1,0,TICKET_1732,12.41,S
733,0,3,"Passenger, Person 733",female,41.7,1,0,TICKET_1733,23.47,S
734,0,3,"Passenger, Person 734",male,33.5,3,0,TICKET_1734,16.96,S
735,0,2,"Passenger, Person 735",female,8.9,0,0,TICKET_1735,13.38,C
736,0,3,"Passenger, Person 736",male,29.6,1,0,TICKET_1736,7.75,C
737,1,2,"Passenger, Person 737",male,22.9,0,0,TICKET_1737,14.88,S
738,0,3,"Passenger, Person 738",male,23.4,0,0,TICKET_1738,8.46,S
739,0,2,"Passenger, Person 739",male,46.2,1,1,TICKET_1739,21.63,S
740,1,2,"Passenger, Person 740",female,12.3,0,0,TICKET_1740,10.82,Q
741,0,3,"Passenger, Person 741",male,44.4,0,0,TICKET_1741,11.32,S
742,1,2,"Passenger, Person 742",female,21.4,0,0,TICKET_1742,32.66,S
743,1,3,"Passenger, Person 743",female,40.9,0,0,TICKET_1743,22.66,C
744,1,3,"Passenger, Person 744",female,8.1,1,0,TICKET_1744,8.08,S
745,0,1,"Passenger, Person 745",male,21.5,0,1,TICKET_1745,139.5,S
746,0,3,"Passenger, Person 746",male,16.2,3,0,TICKET_1746,8.23,S
747,0,2,"Passenger, Person 747",male,36.2,0,1,TICKET_1747,12.85,S
748,1,3,"Passenger, Person 748",female,27.6,0,0,TICKET_1748,25.84,S
749,0,3,"Passenger, Person 749",female,37.1,0,1,TICKET_1749,11.56,S
750,0,3,"Passenger, Person 750",male,14.9,0,0,TICKET_1750,12.36,C
751,1,1,"Passenger, Person 751",female,47.4,0,0,TICKET_1751,75.76,S
752,0,3,"Passenger, Person 752",male,,1,0,TICKET_1752,12.89,S
753,0,3,"Passenger, Person 753",male,24.0,1,0,TICKET_1753,12.35,S
754,0,2,"Passenger, Person 754",male,31.5,2,2,TICKET_1754,17.53,C
755,1,1,"Passenger, Person 755",female,39.4,1,0,TICKET_1755,45.85,S
756,1,3,"Passenger, Person 756",male,24.3,1,0,TICKET_1756,7.9,S
757,1,3,"Passenger, Person 757",female,47.3,0,2,TICKET_1757,20.77,S
758,0,3,"Passenger, Person 758",female,27.7,1,0,TICKET_1758,11.57,C
759,1,3,"Passenger, Person 759",female,20.8,0,0,TICKET_1759,7.6,S
760,1,3,"Passenger, Person 760",male,5.7,0,0,TICKET_1760,19.34,S
761,0,1,"Passenger, Person 761",male,,0,0,TICKET_1761,29.71,S
762,0,2,"Passenger, Person 762",male,29.8,0,1,TICKET_1762,53.2,C
763,0,2,"Passenger, Person 763",male,,0,0,TICKET_1763,22.92,S
764,0,3,"Passenger, Person 764",male,30.5,2,0,TICKET_1764,23.97,S
765,1,1,"Passenger, Person 765",female,15.6,0,0,TICKET_1765,29.13,C
766,0,3,"Passenger, Person 766",male,27.1,0,1,TICKET_1766,32.3,C
767,0,3,"Passenger, Person 767",male,33.1,0,0,TICKET_1767,23.18,S
768,1,3,"Passenger, Person 768",male,,0,1,TICKET_1768,7.02,Q
769,1,2,"Passenger, Person 769",male,31.0,0,0,TICKET_1769,55.06,S
770,0,3,"Passenger, Person 770",male,34.1,0,0,TICKET_1770,20.65,S
771,1,1,"Passenger, Person 771",male,38.3,0,2,TICKET_1771,66.31,C
772,1,3,"Passenger, Person 772",female,29.7,0,0,TICKET_1772,14.36,S
773,1,1,"Passenger, Person 773",male,20.4,1,0,TICKET_1773,118.53,S
774,1,2,"Passenger, Person 774",female,,1,0,TICKET_1774,12.02,S
775,0,3,"Passenger, Person 775",female,20.8,0,0,TICKET_1775,25.79,S
776,0,1,"Passenger, Person 776",male,33.6,0,0,TICKET_1776,147.18,S
777,1,1,"Passenger, Person 777",female,55.9,0,2,TICKET_1777,25.62,C
778,1,3,"Passenger, Person 778",male,39.8,1,0,TICKET_1778,54.98,C
779,1,3,"Passenger, Person 779",female,,0,0,TICKET_1779,12.44,S
780,0,3,"Passenger, Person 780",male,0.5,0,0,TICKET_1780,8.57,S
781,1,3,"Passenger, Person 781",female,,1,0,TICKET_1781,12.76,Q
782,1,3,"Passenger, Person 782",female,36.0,0,0,TICKET_1782,20.46,S
783,1,2,"Passenger, Person 783",female,17.9,0,0,TICKET_1783,11.89,S
784,1,2,"Passenger, Person 784",female,21.8,0,1,TICKET_1784,18.13,S
785,1,1,"Passenger, Person 785",male,26.6,2,0,TICKET_1785,94.25,S
786,0,3,"Passenger, Person 786",male,9.7,1,1,TICKET_1786,9.35,S
787,0,3,"Passenger, Person 787",male,31.2,1,0,TICKET_1787,22.85,S
788,0,2,"Passenger, Person 788",male,33.1,0,0,TICKET_1788,13.55,S
789,0,3,"Passenger, Person 789",female,,0,0,TICKET_1789,8.73,S
790,0,3,"Passenger, Person 790",male,31.8,3,0,TICKET_1790,8.12,S
791,1,1,"Passenger, Person 791",female,33.5,2,0,TICKET_1791,59.08,C
792,0,3,"Passenger, Person 792",male,17.7,0,2,TICKET_1792,23.22,C
793,0,3,"Passenger, Person 793",female,23.9,1,0,TICKET_1793,24.9,S
794,1,3,"Passenger, Person 794",male,22.1,0,2,TICKET_1794,24.4,S
795,0,1,"Passenger, Person 795",female,15.5,0,0,TICKET_1795,161.47,Q
796,0,3,"Passenger, Person 796",female,27.2,0,2,TICKET_1796,15.32,S
797,0,3,"Passenger, Person 797",male,16.2,0,0,TICKET_1797,13.31,C
798,1,3,"Passenger, Person 798",male,47.7,2,2,TICKET_1798,7.42,S
799,1,3,"Passenger, Person 799",female,25.6,0,0,TICKET_1799,17.95,Q
800,0,3,"Passenger, Person 800",male,34.2,0,0,TICKET_1800,12.63,S
801,1,3,"Passenger, Person 801",male,,2,1,TICKET_1801,15.35,S
802,1,1,"Passenger, Person 802",male,57.2,1,0,TICKET_1802,231.56,S
803,0,3,"Passenger, Person 803",male,28.7,0,0,TICKET_1803,12.42,S
804,0,3,"Passenger, Person 804",male,2.3,0,0,TICKET_1804,8.51,S
805,0,2,"Passenger, Person 805",male,36.2,0,2,TICKET_1805,24.16,S
806,1,3,"Passenger, Person 806",male,,0,0,TICKET_1806,8.38,C
807,0,3,"Passenger, Person 807",male,20.2,2,0,TICKET_1807,8.74,S
808,1,3,"Passenger, Person 808",female,11.8,2,0,TICKET_1808,35.89,S
809,0,3,"Passenger, Person 809",male,,0,0,TICKET_1809,8.33,S
810,1,1,"Passenger, Person 810",female,,0,1,TICKET_1810,26.34,S
811,0,3,"Passenger, Person 811",male,29.3,0,0,TICKET_1811,14.14,S
812,0,3,"Passenger, Person 812",male,27.3,1,0,TICKET_1812,14.54,S
813,1,1,"Passenger, Person 813",male,,0,1,TICKET_1813,153.89,S
814,0,3,"Passenger, Person 814",male,42.4,0,0,TICKET_1814,19.63,S
815,0,3,"Passenger, Person 815",male,31.8,0,0,TICKET_1815,19.3,S
816,0,3,"Passenger, Person 816",male,12.4,0,0,TICKET_1816,9.17,S
817,0,3,"Passenger, Person 817",male,41.4,0,0,TICKET_1817,9.72,S
818,0,2,"Passenger, Person 818",male,5.4,0,0,TICKET_1818,30.05,S
819,1,1,"Passenger, Person 819",female,63.3,2,0,TICKET_1819,59.21,Q
820,0,2,"Passenger, Person 820",male,27.8,1,0,TICKET_1820,21.11,S
821,0,3,"Passenger, Person 821",male,27.9,1,0,TICKET_1821,7.69,S
822,1,1,"Passenger, Person 822",female,19.9,0,0,TICKET_1822,129.73,S
823,0,2,"Passenger, Person 823",male,45.6,0,0,TICKET_1823,90.98,S
824,1,2,"Passenger, Person 824",male,42.5,0,0,TICKET_1824,63.59,S
825,0,3,"Passenger, Person 825",female,48.1,0,0,TICKET_1825,11.76,S
826,1,3,"Passenger, Person 826",male,,1,0,TICKET_1826,14.35,Q
827,1,2,"Passenger, Person 827",female,36.5,0,0,TICKET_1827,18.12,Q
828,0,2,"Passenger, Person 828",female,19.8,0,0,TICKET_1828,43.52,C
829,0,3,"Passenger, Person 829",male,1.3,1,0,TICKET_1829,21.68,S
830,0,3,"Passenger, Person 830",male,34.0,2,0,TICKET_1830,10.13,S
831,1,1,"Passenger, Person 831",male,50.4,0,0,TICKET_1831,63.76,S
832,0,3,"Passenger, Person 832",male,25.3,0,0,TICKET_1832,7.87,Q
833,0,1,"Passenger, Person 833",male,31.4,0,0,TICKET_1833,31.21,S
834,0,1,"Passenger, Person 834",female,41.7,0,1,TICKET_1834,107.42,S
835,0,3,"Passenger, Person 835",male,,0,1,TICKET_1835,7.69,S
836,0,2,"Passenger, Person 836",male,,0,0,TICKET_1836,17.64,S
837,1,3,"Passenger, Person 837",female,14.6,2,0,TICKET_1837,12.11,Q
838,1,2,"Passenger, Person 838",female,13.9,0,0,TICKET_1838,21.4,S
839,0,3,"Passenger, Person 839",male,25.2,0,0,TICKET_1839,10.61,S
840,1,3,"Passenger, Person 840",male,,0,0,TICKET_1840,9.71,S
841,0,1,"Passenger, Person 841",male,48.4,0,0,TICKET_1841,63.73,C
842,1,3,"Passenger, Person 842",male,,1,0,TICKET_1842,11.87,S
843,1,1,"Passenger, Person 843",male,,0,0,TICKET_1843,39.79,C
844,0,3,"Passenger, Person 844",male,,0,0,TICKET_1844,16.47,S
845,1,1,"Passenger, Person 845",female,57.9,0,0,TICKET_1845,163.05,C
846,0,2,"Passenger, Person 846",male,42.6,1,0,TICKET_1846,62.63,C
847,1,1,"Passenger, Person 847",male,11.9,0,0,TICKET_1847,59.53,S
848,0,3,"Passenger, Person 848",male,8.1,1,0,TICKET_1848,9.48,S
849,1,3,"Passenger, Person 849",male,,0,0,TICKET_1849,17.07,S
850,1,3,"Passenger, Person 850",female,27.4,0,0,TICKET_1850,11.01,S
851,1,1,"Passenger, Person 851",female,10.4,0,0,TICKET_1851,78.19,C
852,1,3,"Passenger, Person 852",female,18.1,2,0,TICKET_1852,12.17,S
853,0,1,"Passenger, Person 853",male,,2,0,TICKET_1853,37.7,S
854,0,3,"Passenger, Person 854",male,33.4,0,1,TICKET_1854,17.44,S
855,1,1,"Passenger, Person 855",male,38.2,0,1,TICKET_1855,133.2,S
856,1,1,"Passenger, Person 856",male,24.6,0,0,TICKET_1856,216.14,C
857,0,1,"Passenger, Person 857",male,32.3,0,0,TICKET_1857,34.5,S
858,0,3,"Passenger, Person 858",female,,0,0,TICKET_1858,20.47,Q
859,0,3,"Passenger, Person 859",male,2.8,1,1,TICKET_1859,11.92,Q
860,1,1,"Passenger, Person 860",male,,2,0,TICKET_1860,29.03,S
861,0,3,"Passenger, Person 861",male,16.9,0,2,TICKET_1861,10.7,S
862,1,3,"Passenger, Person 862",male,21.2,0,0,TICKET_1862,7.16,C
863,1,3,"Passenger, Person 863",male,,1,0,TICKET_1863,12.94,S
864,0,2,"Passenger, Person 864",female,41.4,1,2,TICKET_1864,41.34,S
865,0,2,"Passenger, Person 865",female,15.7,0,0,TICKET_1865,19.26,S
866,1,3,"Passenger, Person 866",female,,0,0,TICKET_1866,36.21,S
867,1,1,"Passenger, Person 867",male,35.4,0,0,TICKET_1867,132.32,C
868,1,1,"Passenger, Person 868",male,50.9,0,0,TICKET_1868,37.6,S
869,1,3,"Passenger, Person 869",male,11.2,0,0,TICKET_1869,10.68,S
870,1,3,"Passenger, Person 870",male,0.5,0,0,TICKET_1870,11.41,Q
871,0,2,"Passenger, Person 871",female,21.2,0,0,TICKET_1871,32.78,C
872,0,2,"Passenger, Person 872",male,34.6,0,0,TICKET_1872,34.44,S
873,0,3,"Passenger, Person 873",male,31.2,0,2,TICKET_1873,12.94,C
874,0,2,"Passenger, Person 874",male,19.8,0,0,TICKET_1874,14.5,S
875,0,1,"Passenger, Person 875",male,,1,0,TICKET_1875,38.54,C
876,1,1,"Passenger, Person 876",female,32.1,1,0,TICKET_1876,61.31,S
877,0,3,"Passenger, Person 877",male,27.5,0,0,TICKET_1877,8.13,S
878,0,3,"Passenger, Person 878",male,,0,0,TICKET_1878,17.01,C
879,0,1,"Passenger, Person 879",male,44.1,3,2,TICKET_1879,25.79,S
880,0,1,"Passenger, Person 880",male,43.7,0,0,TICKET_1880,72.56,Q
881,0,1,"Passenger, Person 881",female,55.3,0,0,TICKET_1881,85.5,S
882,0,3,"Passenger, Person 882",female,,0,0,TICKET_1882,12.34,Q
883,1,1,"Passenger, Person 883",female,,0,0,TICKET_1883,82.87,Q
884,1,1,"Passenger, Person 884",female,54.7,0,1,TICKET_1884,66.41,S
885,1,3,"Passenger, Person 885",male,23.7,2,0,TICKET_1885,16.49,C
886,1,1,"Passenger, Person 886",female,,0,0,TICKET_1886,195.93,S
887,0,3,"Passenger, Person 887",male,16.1,0,0,TICKET_1887,9.25,C
888,1,1,"Passenger, Person 888",male,,2,0,TICKET_1888,50.35,S
889,1,1,"Passenger, Person 889",female,42.9,0,0,TICKET_1889,42.6,C
890,0,2,"Passenger, Person 890",male,23.0,0,0,TICKET_1890,18.47,S
891,1,3,"Passenger, Person 891",female,12.8,0,0,TICKET_1891,29.13,S
